{
  "css/style.css": 1766461507318,
  "manifest.json": 1766568494444,
  "model/models.js": 1766461507318,
  "controller/MyTaskUI.controller.js": 1766461507318,
  "controller/App.controller.js": 1766461507318,
  "utils/locate-reuse-libs.js": 1766461507318,
  "Component.js": 1766461507318,
  "controller/MyTaskUI-dbg.controller.js": 1766461507318,
  "controller/MyTaskUI.controller.js.map": 1766568494620,
  "model/models-dbg.js": 1766461507318,
  "model/models.js.map": 1766568494620,
  "controller/App-dbg.controller.js": 1766461507318,
  "controller/App.controller.js.map": 1766568494619,
  "utils/locate-reuse-libs-dbg.js": 1766461507318,
  "utils/locate-reuse-libs.js.map": 1766568494648,
  "Component-dbg.js": 1766461507318,
  "Component.js.map": 1766568494628,
  "Component-preload.js": 1766568494755,
  "Component-preload.js.map": 1766568494755,
  "view/MyTaskUI.view.xml": 1766461507318,
  "view/App.view.xml": 1766461507318,
  "i18n/i18n.properties": 1766461507318,
  "index.html": 1766461507318
}