{
  "controller/MyTaskUI-dbg.controller.js": 1766461507318,
  "manifest.json": 1766577753250,
  "model/models.js": 1766461507318,
  "controller/MyTaskUI.controller.js": 1766461507318,
  "controller/App.controller.js": 1766461507318,
  "utils/locate-reuse-libs.js": 1766461507318,
  "Component.js": 1766461507318,
  "Component-dbg.js": 1766461507318,
  "Component.js.map": 1766577753394,
  "i18n/i18n.properties": 1766461507318,
  "controller/MyTaskUI.controller.js.map": 1766577753381,
  "controller/App-dbg.controller.js": 1766461507318,
  "controller/App.controller.js.map": 1766577753384,
  "utils/locate-reuse-libs-dbg.js": 1766461507318,
  "utils/locate-reuse-libs.js.map": 1766577753400,
  "model/models-dbg.js": 1766461507318,
  "model/models.js.map": 1766577753383,
  "Component-preload.js": 1766577753478,
  "Component-preload.js.map": 1766577753478,
  "view/MyTaskUI.view.xml": 1766461507318,
  "view/App.view.xml": 1766461507318,
  "css/style.css": 1766461507318,
  "index.html": 1766461507318
}