{
  "controller/MyTaskUI.controller.js": 1766563810655,
  "i18n/i18n.properties": 1766563810655,
  "model/models.js": 1766563810655,
  "utils/locate-reuse-libs.js": 1766563810659,
  "controller/App.controller.js": 1766563810655,
  "manifest.json": 1766564526260,
  "Component.js": 1766563810655,
  "utils/locate-reuse-libs-dbg.js": 1766563810659,
  "utils/locate-reuse-libs.js.map": 1766564526396,
  "model/models-dbg.js": 1766563810655,
  "model/models.js.map": 1766564526382,
  "controller/MyTaskUI-dbg.controller.js": 1766563810655,
  "controller/MyTaskUI.controller.js.map": 1766564526379,
  "controller/App-dbg.controller.js": 1766563810655,
  "controller/App.controller.js.map": 1766564526379,
  "Component-dbg.js": 1766563810655,
  "Component.js.map": 1766564526388,
  "Component-preload.js": 1766564526501,
  "Component-preload.js.map": 1766564526501,
  "view/MyTaskUI.view.xml": 1766563810659,
  "view/App.view.xml": 1766563810659,
  "css/style.css": 1766563810655,
  "index.html": 1766563810655
}