{
  "Component-dbg.js": 1768201149536,
  "Component.js": 1768201149536,
  "model/models.js": 1768201149540,
  "controller/MyTaskUI.controller.js": 1768201149540,
  "controller/App.controller.js": 1768201149540,
  "manifest.json": 1771587572371,
  "utils/locate-reuse-libs.js": 1768201149540,
  "controller/MyTaskUI-dbg.controller.js": 1768201149540,
  "controller/MyTaskUI.controller.js.map": 1771587572575,
  "model/models-dbg.js": 1768201149540,
  "model/models.js.map": 1771587572575,
  "i18n/i18n.properties": 1768201149540,
  "Component.js.map": 1771587572595,
  "controller/App-dbg.controller.js": 1768201149540,
  "controller/App.controller.js.map": 1771587572589,
  "utils/locate-reuse-libs-dbg.js": 1768201149540,
  "utils/locate-reuse-libs.js.map": 1771587572592,
  "Component-preload.js": 1771587572811,
  "Component-preload.js.map": 1771587572811,
  "view/MyTaskUI.view.xml": 1768201149540,
  "view/App.view.xml": 1768201149540,
  "css/style.css": 1768201149540,
  "index.html": 1768201149540
}