{
  "view/App.view.xml": 1766461507318,
  "controller/App.controller.js": 1766461507318,
  "model/models.js": 1766461507318,
  "controller/MyTaskUI.controller.js": 1766461507318,
  "utils/locate-reuse-libs.js": 1766461507318,
  "manifest.json": 1766561538469,
  "Component.js": 1766461507318,
  "controller/App-dbg.controller.js": 1766461507318,
  "controller/App.controller.js.map": 1766561538600,
  "model/models-dbg.js": 1766461507318,
  "model/models.js.map": 1766561538599,
  "controller/MyTaskUI-dbg.controller.js": 1766461507318,
  "controller/MyTaskUI.controller.js.map": 1766561538599,
  "utils/locate-reuse-libs-dbg.js": 1766461507318,
  "utils/locate-reuse-libs.js.map": 1766561538613,
  "Component-dbg.js": 1766461507318,
  "Component.js.map": 1766561538607,
  "Component-preload.js": 1766561538690,
  "Component-preload.js.map": 1766561538690,
  "view/MyTaskUI.view.xml": 1766461507318,
  "i18n/i18n.properties": 1766461507318,
  "css/style.css": 1766461507318,
  "index.html": 1766461507318
}