{
  "manifest.json": 1766582391182,
  "model/models.js": 1766582119986,
  "utils/locate-reuse-libs.js": 1766582119990,
  "controller/MyTaskUI.controller.js": 1766582119986,
  "controller/App.controller.js": 1766582119986,
  "i18n/i18n.properties": 1766582119986,
  "Component.js": 1766582119986,
  "utils/locate-reuse-libs-dbg.js": 1766582119990,
  "utils/locate-reuse-libs.js.map": 1766582391367,
  "model/models-dbg.js": 1766582119986,
  "model/models.js.map": 1766582391326,
  "controller/MyTaskUI-dbg.controller.js": 1766582119986,
  "controller/MyTaskUI.controller.js.map": 1766582391326,
  "controller/App-dbg.controller.js": 1766582119986,
  "controller/App.controller.js.map": 1766582391329,
  "Component-dbg.js": 1766582119986,
  "Component.js.map": 1766582391336,
  "Component-preload.js": 1766582391697,
  "Component-preload.js.map": 1766582391697,
  "view/MyTaskUI.view.xml": 1766582119990,
  "view/App.view.xml": 1766582119990,
  "css/style.css": 1766582119986,
  "index.html": 1766582119986
}