{
  "controller/MyTaskUI.controller.js.map": 1766579472100,
  "Component.js": 1766461507318,
  "model/models.js": 1766461507318,
  "controller/MyTaskUI.controller.js": 1766461507318,
  "controller/App.controller.js": 1766461507318,
  "manifest.json": 1766579471962,
  "utils/locate-reuse-libs.js": 1766461507318,
  "controller/App-dbg.controller.js": 1766461507318,
  "controller/App.controller.js.map": 1766579472097,
  "model/models-dbg.js": 1766461507318,
  "model/models.js.map": 1766579472095,
  "controller/MyTaskUI-dbg.controller.js": 1766461507318,
  "i18n/i18n.properties": 1766461507318,
  "Component-dbg.js": 1766461507318,
  "Component.js.map": 1766579472101,
  "utils/locate-reuse-libs-dbg.js": 1766461507318,
  "utils/locate-reuse-libs.js.map": 1766579472107,
  "Component-preload.js": 1766579472184,
  "Component-preload.js.map": 1766579472184,
  "view/MyTaskUI.view.xml": 1766461507318,
  "view/App.view.xml": 1766461507318,
  "css/style.css": 1766461507318,
  "index.html": 1766461507318
}