{
  "model/models.js": 1768201149540,
  "i18n/i18n.properties": 1768201149540,
  "utils/locate-reuse-libs.js": 1768201149540,
  "controller/MyTaskUI.controller.js": 1768201149540,
  "controller/App.controller.js": 1768201149540,
  "manifest.json": 1770023433506,
  "Component.js": 1768201149536,
  "controller/App-dbg.controller.js": 1768201149540,
  "controller/App.controller.js.map": 1770023433655,
  "utils/locate-reuse-libs-dbg.js": 1768201149540,
  "utils/locate-reuse-libs.js.map": 1770023433682,
  "controller/MyTaskUI-dbg.controller.js": 1768201149540,
  "controller/MyTaskUI.controller.js.map": 1770023433654,
  "model/models-dbg.js": 1768201149540,
  "model/models.js.map": 1770023433658,
  "Component-dbg.js": 1768201149536,
  "Component.js.map": 1770023433666,
  "Component-preload.js": 1770023433765,
  "Component-preload.js.map": 1770023433765,
  "view/MyTaskUI.view.xml": 1768201149540,
  "view/App.view.xml": 1768201149540,
  "css/style.css": 1768201149540,
  "index.html": 1768201149540
}