{
  "index.html": 1768201149532,
  "controller/Create.controller.js": 1768307223134,
  "controller/Overview.controller.js": 1768201149532,
  "model/models.js": 1768201149532,
  "controller/App.controller.js": 1768201149532,
  "manifest.json": 1768201149532,
  "Component.js": 1768201149532,
  "Component-dbg.js": 1768201149532,
  "Component.js.map": 1768307345773,
  "controller/Overview-dbg.controller.js": 1768201149532,
  "controller/Overview.controller.js.map": 1768307345773,
  "model/models-dbg.js": 1768201149532,
  "model/models.js.map": 1768307345730,
  "controller/App-dbg.controller.js": 1768201149532,
  "controller/App.controller.js.map": 1768307345729,
  "controller/Create-dbg.controller.js": 1768307223134,
  "controller/Create.controller.js.map": 1768307345836,
  "Component-preload.js": 1768307345979,
  "Component-preload.js.map": 1768307345979,
  "view/Overview.view.xml": 1768201149532,
  "view/Create.view.xml": 1768201149532,
  "view/App.view.xml": 1768201149532,
  "fragments/Gldialog.fragment.xml": 1768201149532,
  "css/style.css": 1768201149532,
  "i18n/i18n.properties": 1768201149532
}