{
  "i18n/i18n.properties": 1768201149532,
  "controller/Overview.controller.js": 1768201149532,
  "model/models.js": 1768201149532,
  "controller/Create.controller.js": 1768899246865,
  "controller/App.controller.js": 1768201149532,
  "manifest.json": 1768827012592,
  "Component.js": 1768201149532,
  "controller/Overview-dbg.controller.js": 1768201149532,
  "controller/Overview.controller.js.map": 1768967584507,
  "model/models-dbg.js": 1768201149532,
  "model/models.js.map": 1768967584503,
  "controller/Create-dbg.controller.js": 1768899246865,
  "controller/Create.controller.js.map": 1768967584634,
  "controller/App-dbg.controller.js": 1768201149532,
  "controller/App.controller.js.map": 1768967584445,
  "Component-dbg.js": 1768201149532,
  "Component.js.map": 1768967584449,
  "Component-preload.js": 1768967584872,
  "Component-preload.js.map": 1768967584872,
  "view/Overview.view.xml": 1768201149532,
  "view/Create.view.xml": 1768201149532,
  "view/App.view.xml": 1768201149532,
  "fragments/Gldialog.fragment.xml": 1768835006561,
  "fragments/F4Dialog.fragment.xml": 1768826547197,
  "css/style.css": 1768201149532,
  "index.html": 1768201149532
}