{
  "Component-preload.js": 1766564518346,
  "controller/Create.controller.js": 1766563810651,
  "controller/Overview.controller.js": 1766563810651,
  "model/models.js": 1766563810651,
  "controller/App.controller.js": 1766563810651,
  "manifest.json": 1766563810651,
  "Component.js": 1766563810651,
  "controller/App-dbg.controller.js": 1766563810651,
  "controller/App.controller.js.map": 1766564518102,
  "controller/Overview-dbg.controller.js": 1766563810651,
  "controller/Overview.controller.js.map": 1766564518106,
  "model/models-dbg.js": 1766563810651,
  "model/models.js.map": 1766564518103,
  "controller/Create-dbg.controller.js": 1766563810651,
  "controller/Create.controller.js.map": 1766564518195,
  "Component-dbg.js": 1766563810651,
  "Component.js.map": 1766564518104,
  "i18n/i18n.properties": 1766563810651,
  "Component-preload.js.map": 1766564518346,
  "view/Overview.view.xml": 1766564338353,
  "view/Create.view.xml": 1766563810651,
  "view/App.view.xml": 1766563810651,
  "css/style.css": 1766563810651,
  "fragments/Gldialog.fragment.xml": 1766563810651,
  "index.html": 1766563810651
}