{
  "manifest.json": 1766582119978,
  "controller/App.controller.js": 1766582119978,
  "controller/Overview.controller.js": 1766582119978,
  "controller/Create.controller.js": 1766582119978,
  "model/models.js": 1766582119982,
  "i18n/i18n.properties": 1766582119978,
  "Component.js": 1766582119978,
  "controller/Overview-dbg.controller.js": 1766582119978,
  "controller/Overview.controller.js.map": 1766582383319,
  "controller/App-dbg.controller.js": 1766582119978,
  "controller/App.controller.js.map": 1766582383290,
  "controller/Create-dbg.controller.js": 1766582119978,
  "controller/Create.controller.js.map": 1766582383382,
  "model/models-dbg.js": 1766582119982,
  "model/models.js.map": 1766582383291,
  "Component-dbg.js": 1766582119978,
  "Component.js.map": 1766582383315,
  "Component-preload.js": 1766582383519,
  "Component-preload.js.map": 1766582383519,
  "view/Overview.view.xml": 1766582119982,
  "view/Create.view.xml": 1766582119982,
  "view/App.view.xml": 1766582119982,
  "fragments/Gldialog.fragment.xml": 1766582119978,
  "css/style.css": 1766582119978,
  "index.html": 1766582119978
}