{
  "manifest.json": 1766561947925,
  "model/models.js": 1766461507310,
  "controller/Overview.controller.js": 1766562835271,
  "controller/Create.controller.js": 1766567503854,
  "controller/App.controller.js": 1766561188431,
  "i18n/i18n.properties": 1766461507310,
  "Component.js": 1766461507310,
  "controller/Overview-dbg.controller.js": 1766562835271,
  "controller/Overview.controller.js.map": 1766568491825,
  "model/models-dbg.js": 1766461507310,
  "model/models.js.map": 1766568491821,
  "controller/Create-dbg.controller.js": 1766567503854,
  "controller/Create.controller.js.map": 1766568491904,
  "controller/App-dbg.controller.js": 1766561188431,
  "controller/App.controller.js.map": 1766568491820,
  "Component-dbg.js": 1766461507310,
  "Component.js.map": 1766568491823,
  "Component-preload.js": 1766568492027,
  "Component-preload.js.map": 1766568492027,
  "view/Overview.view.xml": 1766568463736,
  "view/Create.view.xml": 1766489453500,
  "view/App.view.xml": 1766461507310,
  "fragments/Gldialog.fragment.xml": 1766549974607,
  "css/style.css": 1766461507310,
  "index.html": 1766461507310
}