{
  "controller/approvals-dbg.controller.js": 1768713140442,
  "model/models.js": 1768201149528,
  "controller/approvals.controller.js": 1768713140442,
  "controller/App.controller.js": 1768201149528,
  "manifest.json": 1768548808824,
  "Component.js": 1768571419444,
  "Component-dbg.js": 1768571419444,
  "Component.js.map": 1768713341930,
  "i18n/i18n.properties": 1768201149528,
  "controller/approvals.controller.js.map": 1768713341944,
  "controller/App-dbg.controller.js": 1768201149528,
  "controller/App.controller.js.map": 1768713341914,
  "model/models-dbg.js": 1768201149528,
  "model/models.js.map": 1768713341907,
  "Component-preload.js": 1768713342041,
  "Component-preload.js.map": 1768713342041,
  "view/approvals.view.xml": 1768570432942,
  "view/App.view.xml": 1768201149528,
  "css/style.css": 1768201149528,
  "fragments/gldata.fragment.xml": 1768713306347,
  "index.html": 1768201149528
}