{
  "manifest.json": 1766507504965,
  "controller/approvals.controller.js": 1766555634927,
  "model/models.js": 1766494804568,
  "controller/App.controller.js": 1766494804572,
  "i18n/i18n.properties": 1766494811488,
  "Component.js": 1766494804564,
  "Component-dbg.js": 1766494804564,
  "Component.js.map": 1766561541536,
  "model/models-dbg.js": 1766494804568,
  "model/models.js.map": 1766561541536,
  "controller/App-dbg.controller.js": 1766494804572,
  "controller/App.controller.js.map": 1766561541536,
  "controller/approvals-dbg.controller.js": 1766555634927,
  "controller/approvals.controller.js.map": 1766561541540,
  "Component-preload.js": 1766561541643,
  "Component-preload.js.map": 1766561541643,
  "view/approvals.view.xml": 1766555696984,
  "view/App.view.xml": 1766494804572,
  "fragments/gldata.fragment.xml": 1766500626356,
  "css/style.css": 1766494804572,
  "index.html": 1766494804564
}