{
  "i18n/i18n.properties": 1768201149528,
  "Component.js": 1768967553097,
  "controller/approvals.controller.js": 1768713140442,
  "controller/App.controller.js": 1768201149528,
  "manifest.json": 1768798213210,
  "model/models.js": 1768201149528,
  "model/models-dbg.js": 1768201149528,
  "model/models.js.map": 1768967596083,
  "controller/approvals-dbg.controller.js": 1768713140442,
  "controller/approvals.controller.js.map": 1768967596110,
  "controller/App-dbg.controller.js": 1768201149528,
  "controller/App.controller.js.map": 1768967596052,
  "Component-dbg.js": 1768967553097,
  "Component.js.map": 1768967596096,
  "Component-preload.js": 1768967596311,
  "Component-preload.js.map": 1768967596311,
  "view/approvals.view.xml": 1768570432942,
  "view/App.view.xml": 1768201149528,
  "fragments/gldata.fragment.xml": 1768713306347,
  "fragments/SuccessDialog.fragment.xml": 1768966847655,
  "css/style.css": 1768201149528,
  "index.html": 1768201149528
}