{
  "i18n/i18n.properties": 1766494811488,
  "controller/App.controller.js": 1766494804572,
  "controller/approvals.controller.js": 1766555634927,
  "model/models.js": 1766494804568,
  "manifest.json": 1766507504965,
  "Component.js": 1766494804564,
  "model/models-dbg.js": 1766494804568,
  "model/models.js.map": 1766579932519,
  "controller/approvals-dbg.controller.js": 1766555634927,
  "controller/approvals.controller.js.map": 1766579932523,
  "controller/App-dbg.controller.js": 1766494804572,
  "controller/App.controller.js.map": 1766579932518,
  "Component-dbg.js": 1766494804564,
  "Component.js.map": 1766579932519,
  "Component-preload.js": 1766579932602,
  "Component-preload.js.map": 1766579932602,
  "view/approvals.view.xml": 1766555696984,
  "view/App.view.xml": 1766494804572,
  "fragments/gldata.fragment.xml": 1766500626356,
  "css/style.css": 1766494804572,
  "index.html": 1766494804564
}