{
  "Component-preload.js": 1768307356453,
  "manifest.json": 1768201149528,
  "controller/approvals.controller.js": 1768201149528,
  "controller/App.controller.js": 1768201149528,
  "model/models.js": 1768201149528,
  "Component.js": 1768201149528,
  "Component-dbg.js": 1768201149528,
  "Component.js.map": 1768307356325,
  "controller/App-dbg.controller.js": 1768201149528,
  "controller/App.controller.js.map": 1768307356337,
  "model/models-dbg.js": 1768201149528,
  "model/models.js.map": 1768307356326,
  "controller/approvals-dbg.controller.js": 1768201149528,
  "controller/approvals.controller.js.map": 1768307356327,
  "i18n/i18n.properties": 1768201149528,
  "Component-preload.js.map": 1768307356453,
  "view/approvals.view.xml": 1768201149528,
  "view/App.view.xml": 1768201149528,
  "fragments/gldata.fragment.xml": 1768201149528,
  "css/style.css": 1768201149528,
  "index.html": 1768201149528
}