{
  "i18n/i18n.properties": 1766582119978,
  "controller/App.controller.js": 1766582119978,
  "controller/approvals.controller.js": 1766582119978,
  "model/models.js": 1766582119978,
  "manifest.json": 1766582119978,
  "Component.js": 1766582119978,
  "controller/approvals-dbg.controller.js": 1766582119978,
  "controller/approvals.controller.js.map": 1766582394765,
  "controller/App-dbg.controller.js": 1766582119978,
  "controller/App.controller.js.map": 1766582394765,
  "model/models-dbg.js": 1766582119978,
  "model/models.js.map": 1766582394755,
  "Component-dbg.js": 1766582119978,
  "Component.js.map": 1766582394765,
  "Component-preload.js": 1766582394866,
  "Component-preload.js.map": 1766582394866,
  "view/approvals.view.xml": 1766582119978,
  "view/App.view.xml": 1766582119978,
  "fragments/gldata.fragment.xml": 1766582119978,
  "css/style.css": 1766582119978,
  "index.html": 1766582119978
}