{
  "index.html": 1768201149528,
  "model/models.js": 1768201149528,
  "controller/approvals.controller.js": 1768713140442,
  "controller/App.controller.js": 1768201149528,
  "manifest.json": 1768798213210,
  "Component.js": 1770022283871,
  "Component-dbg.js": 1770022283871,
  "Component.js.map": 1771577552443,
  "controller/approvals-dbg.controller.js": 1768713140442,
  "controller/approvals.controller.js.map": 1771577552427,
  "controller/App-dbg.controller.js": 1768201149528,
  "controller/App.controller.js.map": 1771577552390,
  "model/models-dbg.js": 1768201149528,
  "model/models.js.map": 1771577552418,
  "Component-preload.js": 1771577552536,
  "Component-preload.js.map": 1771577552536,
  "view/approvals.view.xml": 1768570432942,
  "view/App.view.xml": 1768201149528,
  "fragments/gldata.fragment.xml": 1770022295731,
  "fragments/SuccessDialog.fragment.xml": 1768966847655,
  "css/style.css": 1768201149528,
  "i18n/i18n.properties": 1768201149528
}