{
  "controller/approvals.controller.js": 1768713140442,
  "manifest.json": 1768798213210,
  "i18n/i18n.properties": 1768201149528,
  "controller/App.controller.js": 1768201149528,
  "model/models.js": 1768201149528,
  "Component.js": 1768822935174,
  "controller/App-dbg.controller.js": 1768201149528,
  "controller/App.controller.js.map": 1768831570646,
  "controller/approvals-dbg.controller.js": 1768713140442,
  "controller/approvals.controller.js.map": 1768831570654,
  "model/models-dbg.js": 1768201149528,
  "model/models.js.map": 1768831570647,
  "Component-dbg.js": 1768822935174,
  "Component.js.map": 1768831570668,
  "Component-preload.js": 1768831570763,
  "Component-preload.js.map": 1768831570764,
  "view/approvals.view.xml": 1768570432942,
  "view/App.view.xml": 1768201149528,
  "css/style.css": 1768201149528,
  "fragments/gldata.fragment.xml": 1768713306347,
  "index.html": 1768201149528
}