{
  "css/style.css": 1768201149528,
  "manifest.json": 1768548808824,
  "controller/approvals.controller.js": 1768562310022,
  "controller/App.controller.js": 1768201149528,
  "model/models.js": 1768201149528,
  "Component.js": 1768559831593,
  "controller/approvals-dbg.controller.js": 1768562310022,
  "controller/approvals.controller.js.map": 1768563258479,
  "controller/App-dbg.controller.js": 1768201149528,
  "controller/App.controller.js.map": 1768563258471,
  "model/models-dbg.js": 1768201149528,
  "model/models.js.map": 1768563258477,
  "Component-dbg.js": 1768559831593,
  "Component.js.map": 1768563258481,
  "Component-preload.js": 1768563258565,
  "Component-preload.js.map": 1768563258565,
  "view/approvals.view.xml": 1768561599319,
  "view/App.view.xml": 1768201149528,
  "fragments/gldata.fragment.xml": 1768563230203,
  "i18n/i18n.properties": 1768201149528,
  "index.html": 1768201149528
}