{
  "manifest.json": 1766563810647,
  "controller/approvals.controller.js": 1766563810647,
  "model/models.js": 1766563810647,
  "controller/App.controller.js": 1766563810647,
  "i18n/i18n.properties": 1766563810647,
  "Component.js": 1766563810647,
  "model/models-dbg.js": 1766563810647,
  "model/models.js.map": 1766564529873,
  "controller/approvals-dbg.controller.js": 1766563810647,
  "controller/approvals.controller.js.map": 1766564529877,
  "controller/App-dbg.controller.js": 1766563810647,
  "controller/App.controller.js.map": 1766564529872,
  "Component-dbg.js": 1766563810647,
  "Component.js.map": 1766564529879,
  "Component-preload.js": 1766564529955,
  "Component-preload.js.map": 1766564529955,
  "view/approvals.view.xml": 1766563810647,
  "view/App.view.xml": 1766563810647,
  "fragments/gldata.fragment.xml": 1766563810647,
  "css/style.css": 1766563810647,
  "index.html": 1766563810647
}