{
  "model/models.js": 1766461507310,
  "manifest.json": 1766461507310,
  "controller/Overview.controller.js": 1766461507310,
  "controller/Create.controller.js": 1766461507310,
  "controller/App.controller.js": 1766461507310,
  "i18n/i18n.properties": 1766461507310,
  "Component.js": 1766461507310,
  "Component-dbg.js": 1766461507310,
  "Component.js.map": 1766463869914,
  "controller/Create-dbg.controller.js": 1766461507310,
  "controller/Create.controller.js.map": 1766463869986,
  "controller/App-dbg.controller.js": 1766461507310,
  "controller/App.controller.js.map": 1766463869912,
  "model/models-dbg.js": 1766461507310,
  "model/models.js.map": 1766463869913,
  "controller/Overview-dbg.controller.js": 1766461507310,
  "controller/Overview.controller.js.map": 1766463869931,
  "Component-preload.js": 1766463870112,
  "Component-preload.js.map": 1766463870112,
  "view/Overview.view.xml": 1766461507310,
  "view/Create.view.xml": 1766461507310,
  "view/App.view.xml": 1766461507310,
  "fragments/Gldialog.fragment.xml": 1766461507310,
  "css/style.css": 1766461507310,
  "index.html": 1766461507310
}