{
  "controller/Change.controller.js.map": 1771587567690,
  "Component.js": 1768201149532,
  "controller/Overview.controller.js": 1771579836788,
  "controller/Create.controller.js": 1771577493216,
  "controller/Change.controller.js": 1771587542031,
  "controller/App.controller.js": 1768201149532,
  "manifest.json": 1771587417510,
  "model/models.js": 1768201149532,
  "controller/Change-dbg.controller.js": 1771587542031,
  "i18n/i18n.properties": 1768201149532,
  "controller/Overview-dbg.controller.js": 1771579836788,
  "controller/Overview.controller.js.map": 1771587567693,
  "controller/Create-dbg.controller.js": 1771577493216,
  "controller/Create.controller.js.map": 1771587567742,
  "Component-dbg.js": 1768201149532,
  "Component.js.map": 1771587567690,
  "controller/App-dbg.controller.js": 1768201149532,
  "controller/App.controller.js.map": 1771587567692,
  "model/models-dbg.js": 1768201149532,
  "model/models.js.map": 1771587567694,
  "Component-preload.js": 1771587567890,
  "Component-preload.js.map": 1771587567890,
  "view/Overview.view.xml": 1768201149532,
  "view/Create.view.xml": 1768201149532,
  "view/Change.view.xml": 1771587461046,
  "view/App.view.xml": 1768201149532,
  "css/style.css": 1768201149532,
  "fragments/Gldialog.fragment.xml": 1770114965306,
  "fragments/F4Dialog.fragment.xml": 1768826547197,
  "index.html": 1768201149532
}