{
  "view/Create.view.xml": 1766489453500,
  "manifest.json": 1766507516373,
  "controller/Overview.controller.js": 1766461507310,
  "controller/Create.controller.js": 1766507297431,
  "controller/App.controller.js": 1766461507310,
  "model/models.js": 1766461507310,
  "Component.js": 1766461507310,
  "controller/Create-dbg.controller.js": 1766507297431,
  "controller/Create.controller.js.map": 1766507540526,
  "controller/Overview-dbg.controller.js": 1766461507310,
  "controller/Overview.controller.js.map": 1766507540448,
  "controller/App-dbg.controller.js": 1766461507310,
  "controller/App.controller.js.map": 1766507540436,
  "model/models-dbg.js": 1766461507310,
  "model/models.js.map": 1766507540437,
  "Component-dbg.js": 1766461507310,
  "Component.js.map": 1766507540438,
  "Component-preload.js": 1766507540644,
  "Component-preload.js.map": 1766507540644,
  "view/Overview.view.xml": 1766505876611,
  "i18n/i18n.properties": 1766461507310,
  "view/App.view.xml": 1766461507310,
  "fragments/Gldialog.fragment.xml": 1766473201574,
  "css/style.css": 1766461507310,
  "index.html": 1766461507310
}