{
  "Component-preload.js.map": 1766561536338,
  "controller/App.controller.js": 1766561188431,
  "controller/Overview.controller.js": 1766561464105,
  "controller/Create.controller.js": 1766554121753,
  "model/models.js": 1766461507310,
  "manifest.json": 1766507516373,
  "Component.js": 1766461507310,
  "controller/Create-dbg.controller.js": 1766554121753,
  "controller/Create.controller.js.map": 1766561536217,
  "controller/Overview-dbg.controller.js": 1766561464105,
  "controller/Overview.controller.js.map": 1766561536138,
  "controller/App-dbg.controller.js": 1766561188431,
  "controller/App.controller.js.map": 1766561536134,
  "model/models-dbg.js": 1766461507310,
  "model/models.js.map": 1766561536144,
  "Component-dbg.js": 1766461507310,
  "Component.js.map": 1766561536137,
  "Component-preload.js": 1766561536338,
  "i18n/i18n.properties": 1766461507310,
  "view/Overview.view.xml": 1766560257424,
  "view/Create.view.xml": 1766489453500,
  "view/App.view.xml": 1766461507310,
  "fragments/Gldialog.fragment.xml": 1766549974607,
  "css/style.css": 1766461507310,
  "index.html": 1766461507310
}