{
  "manifest.json": 1768827012592,
  "Component.js": 1768201149532,
  "controller/Overview.controller.js": 1768201149532,
  "controller/Create.controller.js": 1771577493216,
  "controller/App.controller.js": 1768201149532,
  "i18n/i18n.properties": 1768201149532,
  "model/models.js": 1768201149532,
  "controller/App-dbg.controller.js": 1768201149532,
  "controller/App.controller.js.map": 1771577542954,
  "controller/Overview-dbg.controller.js": 1768201149532,
  "controller/Overview.controller.js.map": 1771577542959,
  "controller/Create-dbg.controller.js": 1771577493216,
  "controller/Create.controller.js.map": 1771577543005,
  "Component-dbg.js": 1768201149532,
  "Component.js.map": 1771577542955,
  "model/models-dbg.js": 1768201149532,
  "model/models.js.map": 1771577542956,
  "Component-preload.js": 1771577543126,
  "Component-preload.js.map": 1771577543126,
  "view/Overview.view.xml": 1768201149532,
  "view/Create.view.xml": 1768201149532,
  "view/App.view.xml": 1768201149532,
  "fragments/Gldialog.fragment.xml": 1770114965306,
  "fragments/F4Dialog.fragment.xml": 1768826547197,
  "css/style.css": 1768201149532,
  "index.html": 1768201149532
}