{
  "Component-preload.js": 1768831563185,
  "controller/Create.controller.js": 1768831523455,
  "controller/Overview.controller.js": 1768201149532,
  "model/models.js": 1768201149532,
  "controller/App.controller.js": 1768201149532,
  "manifest.json": 1768827012592,
  "Component.js": 1768201149532,
  "model/models-dbg.js": 1768201149532,
  "model/models.js.map": 1768831562996,
  "controller/Overview-dbg.controller.js": 1768201149532,
  "controller/Overview.controller.js.map": 1768831563022,
  "controller/Create-dbg.controller.js": 1768831523455,
  "controller/Create.controller.js.map": 1768831563062,
  "controller/App-dbg.controller.js": 1768201149532,
  "controller/App.controller.js.map": 1768831562997,
  "Component-dbg.js": 1768201149532,
  "Component.js.map": 1768831562999,
  "i18n/i18n.properties": 1768201149532,
  "Component-preload.js.map": 1768831563185,
  "view/Overview.view.xml": 1768201149532,
  "view/Create.view.xml": 1768201149532,
  "view/App.view.xml": 1768201149532,
  "fragments/Gldialog.fragment.xml": 1768827654027,
  "fragments/F4Dialog.fragment.xml": 1768826547197,
  "css/style.css": 1768201149532,
  "index.html": 1768201149532
}